"Audience Name","Email Name","Email type","Email Sent Time",Clicked,Opened,"Click Rate","Clicks Per Unique Opens","Total clicks","Emails sent","Open Rate","Total opens",Unsubscribed,"Unsubscribe Rate","Abuse complaints"
"Church Army","CAConnected 20 April 2023:036 New Chaplain",Regular,"2023-04-20 11:03:21",1,369,0.0016077170148492,0.0027100271545351,1,622,0.59324759244919,672,0,0,0
"Church Army","CAConnected Friday 21 April 2023:37",Regular,"2023-04-21 08:00:00",113,357,0.18167202174664,0.31652662158012,323,622,0.57395499944687,695,0,0,0
"Church Army","Prayer Points 2023:B4 23 April - 29 April",Regular,"2023-04-22 08:45:00",73,377,0.096560843288898,0.19363395869732,246,757,0.49867725372314,787,0,0,0
"Church Army","Supporter News Thank You & CA inFocus 24 April 2023",Regular,"2023-04-24 18:00:00",146,1939,0.045006163418293,0.07529654353857,231,3253,0.59771889448166,3166,16,0.0049321823753417,1
"Church Army","LEAD Update Spring 2023",Regular,"2023-04-25 09:00:00",2,59,0.013422818854451,0.033898305147886,3,154,0.39597314596176,116,2,0.013422818854451,0
"Church Army","26 April 2023 Volunteer Celebration Reminder",Regular,"2023-04-26 08:00:00",20,50,0.37037035822868,0.40000000596046,189,54,0.92592591047287,144,0,0,0
"Church Army","CAConnected Friday 29 April 2023:38",Regular,"2023-04-28 08:31:28",52,345,0.083601288497448,0.15072463452816,178,622,0.55466240644455,622,1,0.0016077170148492,0
"Church Army","Prayer Points 2023:B5 30 April - 6 May",Regular,"2023-04-29 07:00:00",65,393,0.085978835821152,0.16539439558983,230,756,0.51984125375748,769,0,0,0
"Church Army","★ Church Army Pastoral Letter May 2023",Regular,"2023-05-02 08:00:00",125,362,0.20096462965012,0.34530386328697,246,622,0.5819935798645,745,0,0,0
"Church Army","CAConnected A&C Invite 3 May 2023",Regular,"2023-05-03 08:15:00",0,372,0,0,0,622,0.59807074069977,1131,0,0,0
"Church Army","CAConnected Wednesday 3 May 2023:39 Gloucester CoM Appointment",Regular,"2023-05-03 13:30:00",3,333,0.0048231510445476,0.0090090092271566,5,622,0.53536975383759,663,0,0,0
"Church Army","CAConnected Thursday 4 May 2023:40 EiT Jo Miller",Regular,"2023-05-04 09:30:00",1,350,0.0016077170148492,0.0028571428265423,1,622,0.56270098686218,765,0,0,0
"Church Army","CAConnected Friday 5 May 2023:41",Regular,"2023-05-05 09:00:00",71,349,0.1137820482254,0.20343840122223,153,624,0.55929487943649,670,0,0,0
"Church Army","Prayer Points 2023:B6 7 May - 13 May",Regular,"2023-05-09 08:33:19",61,395,0.080368906259537,0.15443037450314,173,761,0.52042162418365,768,0,0,0
"Church Army","CAConnected Tuesday 9 May 2023:42 New Midlands MDO",Regular,"2023-05-09 09:15:00",4,359,0.0063897762447596,0.011142061091959,15,627,0.57348245382309,667,0,0,0
"Church Army","CAConnected Thursday 11 May 2023:43 EiT Steven Grasham",Regular,"2023-05-11 09:00:20",1,333,0.0015974440611899,0.0030030030757189,2,627,0.53194886445999,736,0,0,0
"Church Army","CAConnected Friday 12 May 2023:044",Regular,"2023-05-12 09:15:00",74,355,0.11821085959673,0.208450704813,167,627,0.56709265708923,716,0,0,0
"Church Army","Prayer Points 2023:B7 14 May - 20 May",Regular,"2023-05-13 08:00:00",57,396,0.074901446700096,0.14393939077854,233,763,0.52036792039871,747,0,0,0
"Church Army","Supporter News CA & Mental Health 15 May 2023",Regular,"2023-05-15 11:45:00",67,1622,0.020730197429657,0.041307028383017,121,3238,0.50185644626617,2648,8,0.0024752474855632,0
"Church Army","CAConnected Thursday 18 May 2023:45 EiT Robson Rodrigues",Regular,"2023-05-18 10:23:16",1,329,0.0015948963118717,0.0030395137146115,1,628,0.5247209072113,620,0,0,0
"Church Army","CAConnected Friday 19 May 2023:46",Regular,"2023-05-19 08:00:00",58,355,0.092503987252712,0.16338028013706,128,628,0.56618821620941,730,0,0,0
"Church Army","Prayer Points 2023:B8 21 May - 27 May",Regular,"2023-05-20 08:00:00",61,404,0.080052495002747,0.15099009871483,240,764,0.53018373250961,809,0,0,0
"Church Army","Inside Out May23",Regular,"2023-05-23 11:41:49",4,75,0.022988505661488,0.053333334624767,11,175,0.43103447556496,217,0,0,0
"Church Army","CAConnected Tuesday 23 May 2023:47 EiT Mike Dare",Regular,"2023-05-23 13:33:00",0,325,0,0,0,628,0.5183413028717,683,0,0,0
"Church Army","CAConnected Stand Alone - Discover Envoy Sessions - Wednesday 24 May - Issue 2023.48",Regular,"2023-05-24 09:56:35",8,348,0.012759170494974,0.022988505661488,17,628,0.55502390861511,720,0,0,0
"Church Army","CAConnected Friday 26 May 2023:49",Regular,"2023-05-26 08:00:00",62,349,0.09888356924057,0.177650436759,128,627,0.55661880970001,650,0,0,0
"Church Army","Prayer Points 2023:B9 28 May - 3 June",Regular,"2023-05-27 08:00:00",58,385,0.076115489006042,0.15064935386181,170,762,0.50524932146072,827,0,0,0
"Church Army","CAConnected Tuesday 30 May 2023:50 EiT Helen Kiralfy",Regular,"2023-05-30 14:00:00",1,334,0.0015974440611899,0.0029940120875835,1,626,0.53354632854462,673,0,0,0
"Church Army"," CA Community Blog May 2023",Regular,"2023-05-31 10:24:53",104,354,0.16613417863846,0.2937853038311,181,626,0.56549519300461,689,1,0.0015974440611899,1
"Church Army","CAConnected Friday 2 June 2023:51",Regular,"2023-06-02 08:16:07",103,346,0.16480000317097,0.29768785834312,288,625,0.55360001325607,678,0,0,0
"Church Army","Leaders Gathering Save the Date Email",Regular,"2023-06-02 11:00:00",0,41,0,0,0,60,0.68333333730698,109,0,0,0
"Church Army","Prayer Points 2023:B10 4 June - 10 June",Regular,"2023-06-03 07:00:00",58,381,0.076215505599976,0.15223097801208,231,762,0.50065702199936,778,1,0.0013140604132786,0
"Church Army","CAConnected Monday 5 June 2023:52 EiT Karen Saunders",Regular,"2023-06-05 08:00:00",0,336,0,0,0,628,0.53503185510635,658,0,0,0
"Church Army","CAConnected Wednesday 7 June 2023:53 Volunteers needed!",Regular,"2023-06-07 14:10:49",1,361,0.0015948963118717,0.0027700830250978,1,627,0.57575756311417,679,0,0,0
"Church Army","Lent Appeal 2023 Thank You Test | Combo 1","AB testing","2023-06-07 16:59:50",28,874,0.017358958721161,0.032036613672972,51,1617,0.54184746742249,1327,4,0.0024798512458801,0
"Church Army","Lent Appeal 2023 Thank You Test | Combo 2","AB testing","2023-06-07 16:59:50",33,874,0.020433437079191,0.037757437676191,48,1617,0.54117649793625,1283,5,0.0030959751456976,0
"Church Army","Lent Appeal 2023 Thank You Test","AB testing","2023-06-07 16:59:50",33,907,0,0,49,1617,0,1418,6,0,0
"Church Army","CAConnected Thursday 8 June 2023:54 EiT Julie Macauley",Regular,"2023-06-08 11:00:00",2,330,0.0031847134232521,0.0060606058686972,2,628,0.52547770738602,598,0,0,0
"Church Army","CAConnected Friday 9  June 2023:55",Regular,"2023-06-09 08:00:00",150,363,0.23885349929333,0.41322314739227,381,628,0.57802546024323,761,0,0,0
"Church Army","Prayer Points 2023:B11 11 June - 17 June",Regular,"2023-06-10 07:00:00",64,385,0.084432721138,0.16623376309872,201,760,0.50791555643082,783,1,0.0013192612677813,0
"Church Army","CAConnected Monday 12 June 2023:56 EiT Collette Dorgu",Regular,"2023-06-12 08:00:00",2,321,0.0031796502880752,0.0062305293977261,2,629,0.51033383607864,606,1,0.0015898251440376,0
"Church Army","CAConnected Tuesday 13 June 2023:57 New Pioneer Evangelist for Rochdale CoM",Regular,"2023-06-13 08:00:00",1,338,0.0015923567116261,0.0029585799202323,1,628,0.5382165312767,615,0,0,0
"Church Army","★ Church Army Pastoral Letter June 2023",Regular,"2023-06-14 12:15:00",115,360,0.18312102556229,0.31944444775581,201,628,0.57324838638306,690,0,0,0
"Church Army","CAConnected Thursday 15 June 2023:58 EiT Neil Obbard",Regular,"2023-06-15 09:00:00",0,328,0,0,0,628,0.52229297161102,593,0,0,0
"Church Army","CAConnected Friday 16 June 2023:59",Regular,"2023-06-16 10:00:00",94,357,0.14920635521412,0.26330533623695,251,630,0.56666666269302,719,0,0,0
"Church Army","Prayer Points 2023:B12 18 June - 24 June",Regular,"2023-06-17 07:00:00",64,390,0.084321476519108,0.16410256922245,215,759,0.51383399963379,808,0,0,0
"Church Army","Leaders Gathering - Monday 19 June",Regular,"2023-06-19 10:30:00",0,42,0,0,0,60,0.69999998807907,126,0,0,0
"Church Army","Supporter News Volunteer Celebration 19 June 2023",Regular,"2023-06-19 17:00:00",30,1754,0.009313877671957,0.0171037632972,53,3230,0.54455137252808,2705,2,0.00062092515872791,0
"Church Army","Inside Out June23",Regular,"2023-06-20 09:24:31",6,75,0.034285712987185,0.079999998211861,9,178,0.4285714328289,164,0,0,0
"Church Army","CAConnected  June 2023:60 EiT Heidi Lewis",Regular,"2023-06-21 10:00:00",0,325,0,0,0,634,0.51261830329895,573,0,0,0
"Church Army","CAConnected Friday 23 June 2023:61",Regular,"2023-06-23 08:30:00",113,368,0.1782334446907,0.30706521868706,254,634,0.58044165372849,733,0,0,0
"Church Army","Prayer Points 2023:B13 25 June - 1 July",Regular,"2023-06-24 07:00:00",58,400,0.076517149806023,0.14499999582767,182,758,0.52770447731018,773,1,0.0013192612677813,0
"Church Army","CAConnected 26 June 2023:62 EiT Miranda Okon",Regular,"2023-06-26 13:00:00",0,347,0,0,0,636,0.54559749364853,648,0,0,0
"Church Army","CAConnected Tuesday 27 June 2023:63 MYCN",Regular,"2023-06-27 10:52:50",32,360,0.050314463675022,0.088888891041279,66,636,0.56603771448135,699,0,0,0
"Church Army","DD Error To Donors 27 June 2023",Regular,"2023-06-27 15:15:00",8,130,0.041025642305613,0.061538461595774,9,207,0.66666668653488,214,0,0,0
"Church Army","CAConnected Friday 30 June 2023:64",Regular,"2023-06-30 09:00:00",103,366,0.16169545054436,0.28142076730728,216,637,0.57456827163696,709,0,0,0
"Church Army","Prayer Points 2023:C1 2 July - 8 July",Regular,"2023-07-01 07:00:00",54,376,0.070680625736713,0.14361701905727,194,766,0.49214661121368,768,0,0,0
"Church Army","Leaders Gathering - Monday 3 July (Booking Form)",Regular,"2023-07-03 08:00:00",36,51,0.60000002384186,0.70588237047195,123,60,0.85000002384186,492,0,0,0
"Church Army","CAConnected 3 July 2023:65 EiT Andrena Palmer",Regular,"2023-07-03 10:00:00",0,324,0,0,0,643,0.5038880109787,693,0,0,0
"Church Army","CAConnected Wednesday 5 July 2023:66 Kia Macpherson",Regular,"2023-07-05 11:31:43",1,335,0.0015576323494315,0.0029850746504962,1,642,0.52180683612823,572,0,0,0
"Church Army","★ Church Army Pastoral Letter July 2023",Regular,"2023-07-06 09:15:00",129,372,0.20093457400799,0.34677419066429,209,642,0.57943922281265,766,0,0,0
"Church Army","CAConnected Friday 7 July 2023:67",Regular,"2023-07-07 08:00:00",123,369,0.19188767671585,0.33333334326744,297,642,0.57566303014755,697,0,0,0
"Church Army","Supporter News CAinFocus #3 7 July 2023",Regular,"2023-07-07 11:00:00",118,1690,0.036307692527771,0.069822482764721,335,3272,0.51999998092651,2717,0,0,0
"Church Army","Prayer Points 2023:C2 9 July - 15 July",Regular,"2023-07-08 07:00:00",58,397,0.075916230678558,0.14609572291374,223,766,0.51963353157043,779,1,0.0013089005369693,0
"Church Army","CAConnected Monday 10 July 2023:68 EiT: Martha Botros",Regular,"2023-07-10 13:45:00",0,339,0,0,0,641,0.52886116504669,590,0,0,0
"Church Army","CA Learning & Development July 23",Regular,"2023-07-11 09:31:41",15,76,0.085714288055897,0.19736842811108,89,178,0.4342857003212,211,0,0,0
"Church Army","CAConnected 12 July 2023:69 Joanne Milns",Regular,"2023-07-12 10:45:00",0,321,0,0,0,641,0.50078004598618,573,0,0,0
"Church Army","CAConnected Thursday 13 July 2023:70 Marylebone Won 2023 Homeless Link",Regular,"2023-07-13 13:00:00",22,333,0.041509434580803,0.066066063940525,35,530,0.62830185890198,628,0,0,0
"Church Army","CAConnected Friday 14 July 2023:71",Regular,"2023-07-14 10:00:00",77,361,0.14528301358223,0.21329639852047,165,530,0.68113207817078,776,0,0,0
"Church Army","Prayer Points 2023:C3 16 July - 22 July",Regular,"2023-07-15 07:00:00",66,405,0.10476190596819,0.16296295821667,211,630,0.64285713434219,804,0,0,0
"Church Army","CA Community Blog July 2023",Regular,"2023-07-20 11:15:00",82,342,0.12792511284351,0.23976607620716,143,641,0.53354132175446,689,0,0,0
"Church Army","CAConnected Friday 21 July 2023:72",Regular,"2023-07-21 08:45:00",87,355,0.13572542369366,0.24507042765617,215,641,0.55382215976715,740,0,0,0
"Church Army","Prayer Points 2023:C4 23 July - 29 July",Regular,"2023-07-22 07:00:00",65,392,0.084856398403645,0.16581632196903,187,766,0.51174932718277,814,0,0,0
"Church Army","Supporter News | Commissioning + Other News | 24 July 2023 (final)",Regular,"2023-07-24 10:00:00",114,1805,0.034905083477497,0.063157893717289,154,3273,0.55266380310059,2987,3,0.00091855478240177,0
"Church Army","CAConnected Wednesday 14 July 2023:73 Wilson Carlile Day Save The Date",Regular,"2023-07-26 09:45:00",2,367,0.0034305318258703,0.005449591204524,3,583,0.62950259447098,788,0,0,0
"Church Army","CAConnected Friday 28 July  2023:074",Regular,"2023-07-28 08:45:00",58,365,0.090202175080776,0.15890410542488,123,643,0.56765162944794,708,0,0,0
"Church Army","CA Connected Monday 31 July 2023:75: CA Gwent Valleys CoM Announcement",Regular,"2023-07-31 14:00:00",1,381,0.001552795059979,0.0026246719062328,1,644,0.5916149020195,741,0,0,0
"Church Army","CAConnected Friday 4 August 2023:076",Regular,"2023-08-04 08:00:00",58,370,0.10943396389484,0.15675675868988,107,530,0.69811320304871,683,0,0,0
"Church Army","Prayer Points 2023:C6 6 August - 12 August",Regular,"2023-08-05 08:00:00",75,423,0.12711864709854,0.17730496823788,212,590,0.7169491648674,858,0,0,0
"Church Army","Supporter News |  Church Army in the holidays  |  7 August 2023",Regular,"2023-08-07 08:00:00",57,1758,0.017490027472377,0.032423209398985,96,3268,0.5394292473793,2802,3,0.00092052778927609,0
"Church Army","CA Learning & Development Aug Special edition",Regular,"2023-08-09 08:15:00",3,72,0.016949152573943,0.04166666790843,13,178,0.40677964687347,150,0,0,0
"Church Army","New Wine United Follow-Up | 10 August 2023",Regular,"2023-08-10 13:00:00",8,66,0.08333333581686,0.12121212482452,26,104,0.6875,109,1,0.010416666977108,1
"Church Army","CAConnected Friday 11 August 2023:77",Regular,"2023-08-11 08:00:00",115,366,0.21698112785816,0.31420764327049,333,530,0.69056606292725,768,0,0,0
"Church Army","Prayer Points 2023:C7 13 August - 19 August",Regular,"2023-08-14 08:45:00",75,408,0.097402594983578,0.18382352590561,128,770,0.52987015247345,786,0,0,0
"Church Army","CAConnected Wednesday 16 August 2023:78 Summer Fundraising Challenge",Regular,"2023-08-17 09:00:00",6,308,0.00920245423913,0.019480518996716,15,652,0.47239264845848,565,0,0,0
"Church Army","Supporter News | A Chosen Generation | 21 August 2023 (TOMMY TEST)",Regular,"2023-08-17 11:50:53",0,2,0,0,0,2,1,5,0,0,0
"Church Army","CAConnected Friday 18 August 2023:79",Regular,"2023-08-18 08:45:00",85,368,0.13076923787594,0.2309782654047,205,650,0.56615382432938,735,0,0,0
"Church Army","Prayer Points 2023:C8 20 August - 26 August",Regular,"2023-08-19 07:00:00",62,419,0.098412699997425,0.14797136187553,90,630,0.66507935523987,790,0,0,0
"Church Army","Supporter News | A Chosen Generation | 21 August 2023",Regular,"2023-08-21 09:30:00",57,1810,0.016954194754362,0.031491711735725,100,3374,0.538370013237,2943,3,0.00089232600294054,0
"Church Army","CAConnected Friday 25 August 2023:80",Regular,"2023-08-25 08:00:00",111,389,0.20555555820465,0.28534704446793,309,540,0.72037035226822,754,0,0,0
"Church Army","Prayer Points 2023:C9 27 August - 2 September",Regular,"2023-08-26 07:00:00",53,395,0.084126986563206,0.13417720794678,207,630,0.62698411941528,788,0,0,0
"Church Army","CAConnected Thursday 31 August 2023:81 LEAD Promo",Regular,"2023-08-31 08:00:00",14,312,0.025925925001502,0.044871795922518,29,540,0.57777780294418,551,0,0,0
"Church Army","CAConnected Friday 1 September 2023:82",Regular,"2023-09-01 08:45:00",50,357,0.076804913580418,0.14005602896214,161,651,0.54838711023331,647,1,0.0015360983088613,1
"Church Army","★ Church Army Pastoral Letter September 2023",Regular,"2023-09-01 13:00:00",106,352,0.16307692229748,0.30113637447357,154,650,0.54153847694397,707,0,0,0
"Church Army","Prayer Points 2023:C10 3 September - 9 September",Regular,"2023-09-02 07:00:00",60,410,0.095238097012043,0.14634145796299,228,630,0.65079367160797,787,0,0,0
"Church Army","Leaders Gathering - Monday 4 August (Booking Form Reminder)",Regular,"2023-09-04 09:00:00",7,21,0.26923078298569,0.33333334326744,17,26,0.80769228935242,41,0,0,0
"Church Army","Supporter News | The Crisis at our Door | 4 September 2023",Regular,"2023-09-04 16:00:00",84,1774,0.025000000372529,0.047350618988276,162,3375,0.52797621488571,3132,1,0.0002976190589834,0
"Church Army","CAConnected Thursday 7 September 2023:83 CEO Sleepout",Regular,"2023-09-07 09:45:00",20,355,0.030769230797887,0.056338027119637,28,650,0.54615384340286,607,0,0,0
"Church Army","CAConnected Friday 8 September 2023:84",Regular,"2023-09-08 08:15:00",61,376,0.093129768967628,0.16223403811455,129,655,0.57404577732086,711,0,0,0
"Church Army","Prayer Points 2023:C11 10 September - 16 September",Regular,"2023-09-09 07:00:00",60,408,0.095238097012043,0.14705882966518,227,630,0.64761906862259,785,0,0,0
"Church Army","CA Day of Prayer Notice To Evangelists | 11 September 2023",Regular,"2023-09-11 08:45:00",0,208,0,0,0,337,0.61721068620682,469,0,0,0
"Church Army","Faith Questions Soft Launch | Wednesday 13 September 2023",Regular,"2023-09-13 11:25:31",25,46,0.38461539149284,0.54347825050354,60,66,0.7076923251152,133,1,0.015384615398943,1
"Church Army","CAConnected Wednesday 13 September 2023:85 Faith Questions Soft Launch",Regular,"2023-09-13 11:32:17",50,349,0.077519379556179,0.14326646924019,70,645,0.5410852432251,695,0,0,0
"Church Army","CAConnected Friday 15 September 2023:86",Regular,"2023-09-15 12:21:43",63,368,0.095890410244465,0.17119565606117,122,657,0.56012177467346,702,0,0,0
"Church Army","Prayer Points 2023:C12 17 September - 23 September",Regular,"2023-09-16 07:00:00",63,423,0.082352943718433,0.14893616735935,230,765,0.55294120311737,848,0,0,0
"Church Army","Supporter News | News from You | 18 September 2023",Regular,"2023-09-18 08:00:00",52,1861,0.015457788482308,0.027941966429353,117,3378,0.55321043729782,2976,4,0.0011890606256202,0
"Church Army","Spotting Evangelists, the ongoing challenges of the pandemic, and seeking God in the crucible of ministry",Regular,"2023-09-19 09:30:00",75,122,0.42613637447357,0.6147540807724,594,177,0.69318181276321,327,0,0,0
"Church Army","CAConnected Friday 22 September 2023:87",Regular,"2023-09-22 10:58:34",50,370,0.075642965734005,0.13513512909412,87,661,0.55975794792175,683,0,0,0
"Church Army","CAConnected Friday 22 September 2023:88 CA Day of Prayer",Regular,"2023-09-22 14:00:00",28,341,0.042360059916973,0.082111440598965,57,661,0.51588499546051,709,0,0,0
"Church Army","Supporter News | CA Day of Prayer | 22 September 2023",Regular,"2023-09-22 17:00:00",78,1855,0.02318668179214,0.042048517614603,208,3379,0.55142688751221,3302,5,0.0014863257529214,2
"Church Army","Prayer Points 2023:C13 24 September - 30 September",Regular,"2023-09-23 07:00:00",74,399,0.096732027828693,0.18546365201473,284,767,0.52156865596771,790,0,0,0
"Church Army","CAConnected Wednesday 27 September 2023:89 CAMC Survey",Regular,"2023-09-27 09:00:19",83,376,0.12537764012814,0.22074468433857,133,662,0.56797581911087,788,0,0,0
"Church Army","CAConnected Friday 29 September 2023:90",Regular,"2023-09-29 09:43:49",51,365,0.076923079788685,0.13972602784634,109,663,0.5505279302597,694,0,0,0
"Church Army","Prayer Points 2023:D1 1 October - 7 October",Regular,"2023-09-30 07:00:00",63,405,0.082138203084469,0.15555556118488,234,768,0.52803128957748,824,1,0.0013037809403613,0
"Church Army","Supporter News | CA inFocus #4 | 3 October 2023",Regular,"2023-10-03 10:30:00",180,1892,0.053571429103613,0.095137417316437,834,3372,0.56309521198273,3225,6,0.0017857142956927,1
"Church Army","2023 Board elections evangelist candidate",Regular,"2023-10-03 12:27:19",43,263,0.12759643793106,0.16349810361862,81,337,0.78041541576385,832,0,0,0
"Church Army","CAConnected Friday 6 October 2023:091",Regular,"2023-10-06 08:00:00",102,392,0.15407854318619,0.26020407676697,234,662,0.59214502573013,766,0,0,0
"Church Army","CAConnected Friday 6 October 2023:92 New Pioneer Evangelists",Regular,"2023-10-06 11:00:00",12,386,0.018126888200641,0.031088082119823,15,662,0.58308154344559,689,0,0,0
"Church Army","Prayer Points 2023:D2 8 October - 14 October",Regular,"2023-10-07 07:00:00",62,403,0.081045754253864,0.15384615957737,224,766,0.52679741382599,802,0,0,0
"Church Army","Prayer Points 2023:D3 15 October - 21 October",Regular,"2023-10-14 07:00:00",60,411,0.078740157186985,0.14598539471626,215,763,0.53937005996704,816,1,0.0013123359531164,0
"Church Army","CAConnected Friday 13 October 2023:093",Regular,"2023-10-16 08:29:13",49,363,0.074468083679676,0.13498622179031,92,658,0.55167174339294,660,0,0,0
"Church Army","CAConnected Wednesday 18 October 2023:94 MoA Signing Announcement",Regular,"2023-10-18 14:30:00",2,433,0.0030395137146115,0.0046189376153052,2,658,0.65805470943451,860,0,0,0
"Church Army","CA Connected Friday 20 October 2023:95",Regular,"2023-10-20 08:33:11",81,391,0.12291350215673,0.20716112852097,161,659,0.59332323074341,710,0,0,0
"Church Army","Supporter News | Breaking Chains of Addiction | 20 October 2023",Regular,"2023-10-20 15:00:00",89,1751,0.026575097814202,0.050828099250793,160,3361,0.52284264564514,2943,2,0.00059719319688156,0
"Church Army","Prayer Points 2023:D4 22 October - 28 October",Regular,"2023-10-21 07:00:00",63,403,0.08289473503828,0.15632754564285,215,761,0.5302631855011,805,0,0,0
"Church Army","CA Connected Monday 23 October 2023:96",Regular,"2023-10-23 09:15:41",14,375,0.021244309842587,0.037333332002163,24,659,0.56904399394989,821,0,0,0
"Church Army","Inside Out October 2023",Regular,"2023-10-24 09:30:00",11,80,0.061797752976418,0.13750000298023,51,179,0.44943821430206,156,0,0,0
"Church Army","CA Connected Friday 27 October 2023:97",Regular,"2023-10-27 08:00:00",44,392,0.066869303584099,0.11224489659071,93,659,0.59574466943741,718,0,0,0
"Church Army","Prayer Points 2023:D5 29 October - 4 November",Regular,"2023-10-28 07:00:00",52,410,0.068421050906181,0.12682926654816,202,761,0.53947371244431,841,0,0,0
"Church Army","CAConnected Tuesday 31 October 2023:98 Christmas Cards 2023",Regular,"2023-10-31 10:26:23",31,363,0.047040972858667,0.085399448871613,51,660,0.55083459615707,728,0,0,0
"Church Army","AGM Template 2023",Regular,"2023-11-01 17:52:58",86,415,0.13050076365471,0.20722891390324,325,660,0.62974202632904,1348,1,0.0015174506697804,0
"Church Army","LEAD Newsletter #4 Autumn 23",Regular,"2023-11-02 08:45:00",0,63,0,0,0,151,0.41999998688698,109,0,0,0
"Church Army","CA Connected Friday 3 November 2023:99",Regular,"2023-11-03 08:45:00",64,374,0.097264438867569,0.17112299799919,131,659,0.5683890581131,767,0,0,0
"Church Army","CAConnected Friday 3 November 2023:100 Hannah Seal Lead Evangelist",Regular,"2023-11-03 13:00:00",0,377,0,0,0,659,0.57294833660126,745,0,0,0
"Church Army","Prayer Points 2023:D6 5 November - 11 November",Regular,"2023-11-04 07:00:00",76,416,0.10026384890079,0.18269230425358,123,759,0.548812687397,809,0,0,0
"Church Army","★ Church Army Pastoral Letter November 2023",Regular,"2023-11-07 13:42:48",100,363,0.15197569131851,0.27548208832741,138,660,0.55167174339294,766,0,0,0
"Church Army","CAConnected Friday 10 November 2023:101",Regular,"2023-11-10 15:16:41",89,383,0.1352583616972,0.23237597942352,188,659,0.58206689357758,767,1,0.0015197568573058,0
"Church Army","Prayer Points 2023:D7 12 November - 18 November",Regular,"2023-11-11 07:00:00",55,399,0.072559364140034,0.137844607234,79,759,0.52638524770737,806,0,0,0
"Church Army","Supporter News | Your News from Church Army | 7 November 2023",Regular,"2023-11-13 16:00:00",75,1785,0.022374700754881,0.042016807943583,137,3366,0.53251791000366,3030,2,0.00059665873413906,0
"Church Army","CAConnected Tuesday 14 November 2023:102 Sunderland CoM",Regular,"2023-11-14 15:38:09",1,390,0.0015197568573058,0.0025641026441008,3,659,0.59270519018173,719,0,0,0
"Church Army","CRE Midlands 2023 Follow Up",Regular,"2023-11-15 08:45:00",3,32,0.059999998658895,0.09375,4,50,0.63999998569489,73,0,0,0
"Church Army","CAConnected Wednesday 15 November 2023:103 Community Team Changes",Regular,"2023-11-15 15:00:00",1,403,0.0015197568573058,0.0024813895579427,3,659,0.61246198415756,923,0,0,0
"Church Army","CAConnected Thursday 16 November 2023:104 Marylebone Executive Manager",Regular,"2023-11-16 08:00:00",1,373,0.0015197568573058,0.0026809652335942,3,659,0.56686931848526,658,0,0,0
"Church Army","AGM voting reminder 16-11-2023",Regular,"2023-11-16 11:59:01",57,201,0.18387097120285,0.28358209133148,117,311,0.64838707447052,453,0,0,0
"Church Army","CA Connected Friday 17 November 2023:105",Regular,"2023-11-17 08:30:00",115,380,0.17503805458546,0.30263158679008,237,658,0.57838660478592,721,0,0,0
"Church Army","Prayer Points 2023:D8 19 November - 25 November",Regular,"2023-11-18 07:00:00",33,420,0.043478261679411,0.078571431338787,51,759,0.55335968732834,800,1,0.0013175230706111,1
"Church Army","CAConnected Monday 20 November 2023:106 MYCN Funding",Regular,"2023-11-20 10:25:46",14,401,0.021308980882168,0.034912716597319,24,657,0.61035007238388,736,0,0,0
"Church Army","GenZ, Confounding the Mighty and Encountering Mystery.",Regular,"2023-11-21 08:45:00",7,96,0.052631579339504,0.07291666418314,18,133,0.72180449962616,159,0,0,0
"Church Army","CA Community Blog November 2023",Regular,"2023-11-21 15:57:33",114,395,0.17351597547531,0.28860759735107,165,657,0.60121762752533,828,0,0,0
"Church Army","CA Connected Friday 24 November 2023:107",Regular,"2023-11-24 08:00:00",164,384,0.24961948394775,0.42708334326744,329,657,0.58447486162186,746,0,0,0
"Church Army","Prayer Points 2023:D9 26 November - 2 December",Regular,"2023-11-25 07:00:00",54,388,0.071334213018417,0.13917525112629,79,757,0.51254951953888,763,1,0.001321004005149,0
"Church Army","Comedy Event WCC January 2024",Regular,"2023-11-27 16:13:05",0,6,0,0,0,13,0.66666668653488,12,0,0,0
"Church Army","Supporter News AD23 CEO Sleepout 28 November 2023",Regular,"2023-11-28 09:38:36",36,1752,0.010743062011898,0.020547945052385,60,3363,0.52282899618149,2873,3,0.00089525512885302,0
"Church Army","CA Connected Friday 1 December 2023:108",Regular,"2023-12-01 08:00:00",72,379,0.10958904027939,0.18997360765934,124,657,0.57686454057693,708,0,0,0
"Church Army","Prayer Points 2023:D10 3 December - 9 December",Regular,"2023-12-02 07:00:00",39,401,0.051655627787113,0.097256854176521,63,755,0.53112584352493,805,0,0,0
"Church Army","Supporter News AD23 #2 (previous donors) 5 December 2023",Regular,"2023-12-05 12:40:26",11,115,0.054999999701977,0.095652170479298,15,204,0.57499998807907,214,0,0,0
"Church Army","Supporter News AD23 #2 (non donors) 5 December 2023",Regular,"2023-12-05 12:40:54",30,1526,0.0094906678423285,0.019659239798784,55,3170,0.48275861144066,2409,2,0.00063271116232499,1
"Church Army","CAConnected Tuesday 5 December 2023:109 Community Team Changes 2",Regular,"2023-12-05 13:00:00",3,363,0.0045592705719173,0.0082644624635577,6,658,0.55167174339294,653,0,0,0
"Church Army","Comedy Event WCC January 2024 (version 2)",Regular,"2023-12-06 15:17:17",5,117,0.030487805604935,0.042735043913126,20,166,0.71341460943222,396,0,0,0
"Church Army","CAConnected Thursday 7 December 2023:110 Christmas Cards Reminder",Regular,"2023-12-07 09:42:07",12,308,0.018209408968687,0.038961037993431,19,659,0.46737480163574,512,0,0,0
"Church Army","Supporter News AD23 Thank You Email #1",Regular,"2023-12-07 13:15:29",1,9,0.0625,0.11111111193895,1,16,0.5625,14,0,0,0
"Church Army","Supporter News AD23 Thank You Email #2",Regular,"2023-12-07 14:09:23",2,2,0.66666668653488,1,2,3,0.66666668653488,3,0,0,0
"Church Army","CA Connected Friday 8 December 2023:111",Regular,"2023-12-08 08:00:00",82,389,0.12443095445633,0.2107969224453,192,659,0.59028834104538,710,0,0,0
"Church Army","Prayer Points 2023:D11 10 December - 16 December",Regular,"2023-12-09 07:00:00",49,403,0.064986735582352,0.12158808857203,77,754,0.53448277711868,788,0,0,0
"Church Army","Supporter News AD23 #3 (non donors) 13 December 2023",Regular,"2023-12-13 08:00:00",19,1602,0.0057263411581516,0.011860175058246,44,3328,0.48282098770142,2624,2,0.00060277275042608,0
"Church Army","Supporter News AD23 TY #3 13 December 2023",Regular,"2023-12-13 08:00:00",0,25,0,0,0,37,0.6756756901741,44,0,0,0
"Church Army","CA Connected Friday 15 December 2023:112",Regular,"2023-12-15 08:00:00",41,368,0.062404870986938,0.11141304671764,92,657,0.56012177467346,652,0,0,0
"Church Army","Prayer Points 2023:D12 17 December - 23 December",Regular,"2023-12-16 07:00:00",39,386,0.051861703395844,0.10103627294302,55,752,0.51329785585403,767,0,0,0
"Church Army","Supporter News AD23 #4 (non donors) 19 December 2023",Regular,"2023-12-19 09:00:00",40,1665,0.012143290601671,0.024024024605751,62,3305,0.50546449422836,2604,1,0.000303582259221,0
"Church Army","Supporter News AD23 Thank You Email #3",Regular,"2023-12-19 10:49:24",17,50,0.2786885201931,0.34000000357628,22,61,0.81967210769653,97,1,0.016393441706896,0
"Church Army","Supporter News AD23 #5 (non donors) 22 December 2023",Regular,"2023-12-22 08:00:00",31,1728,0.0094656487926841,0.017939815297723,48,3283,0.52763360738754,2777,6,0.0018320610979572,0
"Church Army","Prayer Points 2023:D13 24 December - 30 December",Regular,"2023-12-23 07:00:00",37,383,0.049202129244804,0.096605740487576,47,752,0.50930851697922,730,0,0,0
"Church Army","Supporter News AD23 #6 (non donors) 24 December 2023",Regular,"2023-12-24 08:00:00",11,1756,0.003297362010926,0.0062642367556691,24,3343,0.52637887001038,2852,0,0,0
"Church Army","Supporter News AD23 #6 (donors) 24 December 2023",Regular,"2023-12-24 08:00:00",0,45,0,0,0,67,0.67164176702499,73,0,0,0
"Church Army","Supporter News AD23 Thank You Email #4",Regular,"2024-01-03 14:22:44",0,20,0,0,0,34,0.58823531866074,41,0,0,0
"Church Army","CA Connected Friday 5 January 2024:001",Regular,"2024-01-05 09:32:48",57,366,0.086890242993832,0.15573769807816,144,657,0.55792683362961,689,0,0,0
"Church Army","Prayer Points 2024:A2 7 January - 13 January",Regular,"2024-01-06 07:00:00",52,399,0.069333329796791,0.13032580912113,77,751,0.53200000524521,738,0,0,0
"Church Army","CA Connected Friday January 12 2023:002",Regular,"2024-01-12 08:00:00",89,383,0.1360856294632,0.23237597942352,229,654,0.58562690019608,759,0,0,0
"Church Army","Prayer Points 2024:A3 14 January - 20 January",Regular,"2024-01-13 07:00:00",46,404,0.061333332210779,0.11386138945818,56,750,0.53866666555405,835,0,0,0
"Church Army","CA Connected Friday 19 January 2024:003",Regular,"2024-01-19 08:00:00",63,383,0.096036583185196,0.16449086368084,136,656,0.58384144306183,653,0,0,0
"Church Army","Prayer Points 2024:A4 21 January - 27 January",Regular,"2024-01-20 07:00:00",43,404,0.057333331555128,0.10643564164639,69,750,0.53866666555405,792,0,0,0
"Church Army","Inside Out Jan 2024",Regular,"2024-01-24 09:30:00",6,77,0.033333335071802,0.077922075986862,49,181,0.4277777671814,166,0,0,0
"Church Army","CAConnected Wednesday 24 January 2024:004 Vote for Marylebone!",Regular,"2024-01-24 15:24:41",63,331,0.096477791666985,0.19033232331276,91,655,0.50689125061035,577,0,0,0
"Church Army","Prayer Points 2024:A5 28 January - 3 February",Regular,"2024-01-29 15:07:05",46,392,0.061497326940298,0.11734694242477,66,748,0.52406418323517,729,0,0,0
"Church Army","Supporter News | Looking Ahead into 2024 | 30 January 2024 (non-reg donors)",Regular,"2024-01-30 08:00:00",70,1784,0.02092675678432,0.039237666875124,104,3347,0.53333336114883,2920,4,0.0011958146933466,0
"Church Army","Supporter News | Looking Ahead into 2024 | 30 January 2024 (reg donors)",Regular,"2024-01-30 08:00:00",3,67,0.022058824077249,0.044776119291782,4,136,0.49264705181122,104,0,0,0
"Church Army","CAConnected Wednesday 31 January 2024:006 Discovery Events: Do you know the next CA Evangelist?",Regular,"2024-01-31 08:00:00",19,390,0.029051987454295,0.048717949539423,33,654,0.59633028507233,674,0,0,0
"Church Army","CA Connected Friday 2 February 2024:007",Regular,"2024-02-02 08:00:00",49,374,0.074923545122147,0.13101604580879,96,654,0.57186543941498,690,0,0,0
"Church Army","CAConnected Friday 2 February 2024:008 Closure of Langley CoM",Regular,"2024-02-02 13:00:00",1,413,0.001529052038677,0.0024213076103479,1,654,0.63149845600128,823,0,0,0
"Church Army","Prayer Points 2024:A6 4 February - 10 February",Regular,"2024-02-03 07:00:00",43,401,0.0574866309762,0.10723192244768,67,748,0.53609627485275,786,0,0,0
"Church Army","CA Connected Friday 9 February 2024:009",Regular,"2024-02-09 11:49:58",68,385,0.10445468872786,0.17662337422371,136,654,0.59139782190323,778,0,0,0
"Church Army","Prayer Points 2024:A7 11 February - 17 February",Regular,"2024-02-10 07:00:00",53,404,0.070855617523193,0.13118812441826,77,748,0.5401069521904,844,0,0,0
"Church Army","Supporter News | Lenten Collection Box | 14 February 2024",Regular,"2024-02-14 08:00:00",56,1656,0.016786571592093,0.033816423267126,104,3342,0.49640288949013,2667,4,0.0011990407947451,0
"Church Army","CA Connected Friday 16 February 2024:010",Regular,"2024-02-16 12:26:31",56,381,0.08588957041502,0.14698162674904,97,655,0.58435583114624,737,0,0,0
"Church Army","Prayer Points 2024:A8 18 February - 24 February",Regular,"2024-02-19 09:59:17",68,414,0.090909093618393,0.16425120830536,96,749,0.55347591638565,782,0,0,0
"Church Army","Lead Update #5 Winter 2024",Regular,"2024-02-19 11:00:00",0,66,0,0,0,154,0.4285714328289,123,0,0,0
"Church Army","CA Connected Friday 23 February 2024:011",Regular,"2024-02-23 10:08:52",81,371,0.12442396581173,0.21832883358002,238,654,0.56989246606827,677,0,0,0
"Church Army","Prayer Points 2024:A9 25 February - 2 March",Regular,"2024-02-24 07:00:00",46,401,0.061579652130604,0.11471321433783,75,748,0.53681391477585,743,0,0,0
"Church Army","Inside Out Feb 24",Regular,"2024-02-27 10:30:32",4,72,0.022099448367953,0.055555555969477,12,182,0.39779004454613,172,0,0,0
"Church Army","CAConnected Tuesday 27 February 2024:012",Regular,"2024-02-27 11:00:00",1,345,0.0015384615398943,0.0028985508251935,2,652,0.53076922893524,607,0,0,0
"Church Army","CA Connected Wednesday 28 February 2024:013",Regular,"2024-02-28 11:00:00",2,426,0.0030721966177225,0.0046948357485235,3,653,0.65437787771225,886,0,0,0
"Church Army","Supporter News | CEO News | 28 February 2024",Regular,"2024-02-28 12:00:00",6,2000,0.0018045112956315,0.003000000026077,24,3334,0.60150372982025,3415,7,0.0021052630618215,0
"Church Army","CAConnected Friday 1 March 2024:014",Regular,"2024-03-01 12:00:50",84,394,0.12883435189724,0.21319797635078,157,653,0.60429447889328,679,0,0,0
"Church Army","Prayer Points 2024:A10 3 March - 9 March",Regular,"2024-03-02 07:00:00",28,378,0.037533510476351,0.074074074625969,44,748,0.5067024230957,752,1,0.0013404826167971,0
"Church Army","CA Connected Tuesday 5 March 2024:015",Regular,"2024-03-05 11:00:00",2,306,0.0030721966177225,0.0065359477885067,3,652,0.47004607319832,536,0,0,0
"Church Army","Supporter News | News from CA | 5 March 2024",Regular,"2024-03-05 19:00:00",56,1619,0.016898008063436,0.034589253365993,95,3323,0.48853349685669,2579,4,0.0012070005759597,0
"Church Army","It was great to meet you!",Regular,"2024-03-08 10:00:00",1,6,0.10000000149012,0.16666667163372,2,13,0.60000002384186,7,0,0,0
"Church Army","CA Connected Friday 8 March 2024:016",Regular,"2024-03-08 13:00:00",64,360,0.098461538553238,0.17777778208256,144,651,0.553846180439,636,0,0,0
"Church Army","Prayer Points 2024:A11 10 March - 16 March",Regular,"2024-03-09 07:00:00",56,401,0.075067020952702,0.13965086638927,86,746,0.53753352165222,758,0,0,0
"Church Army","CA Connected Saturday 9 March 2024:017",Regular,"2024-03-09 15:00:00",40,363,0.061538461595774,0.11019283533096,54,650,0.55846154689789,690,0,0,0
"Church Army","What does Church Army do?",Regular,"2024-03-15 10:30:00",0,4,0,0,0,12,0.40000000596046,6,0,0,0
"Church Army","CA Connected Friday 15 March 2024:018",Regular,"2024-03-15 11:17:22",56,375,0.086153842508793,0.14933332800865,131,650,0.5769230723381,677,0,0,0
"Church Army","Prayer Points 2024:A12 17 March - 23 March",Regular,"2024-03-16 07:00:00",51,395,0.06836461275816,0.12911392748356,73,746,0.52949059009552,771,0,0,0
"Church Army","CA Connected Tuesday 19 March 2024:019",Regular,"2024-03-19 11:27:30",24,372,0.036979969590902,0.064516127109528,33,649,0.57318949699402,695,0,0,0
"Church Army","Supporter News | Appeal Launch | 20 March 2024",Regular,"2024-03-20 10:30:00",71,1625,0.021469609811902,0.04369230940938,129,3314,0.49138191342354,2653,4,0.0012095555430278,0
"Church Army","CA Connected Friday 22 March 2024:020",Regular,"2024-03-22 10:56:57",86,370,0.13292117416859,0.23243242502213,208,647,0.57187014818192,757,0,0,0
"Church Army","What does Church Army do? (copy 01)",Regular,"2024-03-22 14:30:00",0,3,0,0,0,12,0.30000001192093,3,0,0,0
"Church Army","Prayer Points 2024:A13 24 March - 30 March",Regular,"2024-03-23 07:00:00",33,405,0.044654939323664,0.081481479108334,41,740,0.54803788661957,832,0,0,0
"Church Army","Researching Lay Ministries across the CofE",Regular,"2024-03-27 09:30:00",6,84,0.033333335071802,0.071428574621677,12,181,0.46666666865349,310,0,0,0
"Church Army","Supporter News | Appeal #2 | 28 March 2024",Regular,"2024-03-28 08:00:00",93,1741,0.028345016762614,0.053417574614286,158,3288,0.53063088655472,2779,4,0.0012191404821351,0
"Church Army","CA Connected Thursday 28 March 2024:021",Regular,"2024-03-28 11:15:10",46,372,0.071097373962402,0.12365591526031,110,647,0.57496136426926,828,0,0,0
"Church Army","Supporter News | TY Appeal #1 | 28 March 2024",Regular,"2024-03-28 16:35:52",0,15,0,0,0,22,0.68181818723679,28,0,0,0
"Church Army","Prayer Points 2024:B01 31 March - 6 April",Regular,"2024-03-30 07:00:00",56,393,0.075983718037605,0.14249363541603,96,738,0.53324288129807,745,0,0,0
"Church Army","Supporter News | Appeal #3 | 3 April 2024",Regular,"2024-04-04 08:00:00",14,1643,0.0043076924048364,0.0085209980607033,34,3256,0.50553846359253,2475,5,0.0015384615398943,0
"Church Army","Prayer Points 2024:B02 7 April - 13 April",Regular,"2024-04-06 07:00:00",49,379,0.066666670143604,0.12928760051727,82,736,0.51564627885818,756,0,0,0
"Church Army","Supporter News | Spring Harvest Welcome #1 (Skegness) | 6 April 2024",Regular,"2024-04-06 10:00:00",0,56,0,0,0,82,0.71794873476028,86,1,0.012820512987673,0
"Church Army","Supporter News | Spring Harvest Welcome #1 (PETITION ONLY - Skegness) | 6 April 2024",Regular,"2024-04-06 10:00:00",0,33,0,0,0,46,0.78571426868439,45,0,0,0
"Church Army","Supporter News | Spring Harvest Welcome #2 (Skegness) | 9 April 2024",Regular,"2024-04-09 17:00:00",0,76,0,0,0,123,0.63865548372269,103,0,0,0
"Church Army","Supporter News | Appeal #4 | - April 2024",Regular,"2024-04-11 08:00:00",34,1523,0.01019796077162,0.022324359044433,73,3346,0.45680862665176,2248,4,0.0011997600086033,0
"Church Army","Supporter News | TY Appeal #2 | 10 April 2024",Regular,"2024-04-11 15:22:03",0,7,0,0,0,11,0.63636362552643,18,0,0,0
"Church Army","CAConnected Friday 12 April 2024:022",Regular,"2024-04-12 12:30:00",79,358,0.12480252981186,0.22067038714886,183,633,0.56556081771851,602,0,0,0
"Church Army","CA Connected Saturday 13 April 2024:023",Regular,"2024-04-13 10:00:00",27,351,0.042789224535227,0.076923079788685,52,631,0.55625993013382,613,0,0,0
"Church Army","Supporter News | Spring Harvest Welcome #1 (Minehead) | 13 April 2024 (copy 01)",Regular,"2024-04-13 10:00:00",9,48,0.113924048841,0.1875,13,83,0.60759490728378,85,0,0,0
"Church Army","Supporter News | Spring Harvest Welcome #1 (PETITION ONLY - Minehead) | 13 April 2024 (copy 01)",Regular,"2024-04-13 10:00:00",9,37,0.14754098653793,0.24324324727058,11,63,0.60655736923218,69,1,0.016393441706896,0
"Church Army","Supporter News | Spring Harvest Welcome #2 (Minehead) | 16 April 2024",Regular,"2024-04-16 10:29:29",1,76,0.0074074072763324,0.013157894834876,1,136,0.56296294927597,123,2,0.014814814552665,0
"Church Army","Supporter News | Spring Harvest Welcome #3 (Skegness) | 17 April 2024",Regular,"2024-04-17 20:00:00",3,59,0.026315789669752,0.050847455859184,6,118,0.51754385232925,67,1,0.0087719298899174,0
"Church Army","Welcome - New Internals (Prayer Diary)",Automation,"2024-04-18 13:02:14",21,75,0.109375,0.28000000119209,50,192,0.390625,217,0,0,0
"Church Army","CA Connected Friday 19 April 2024:024",Regular,"2024-04-19 08:00:00",21,135,0.03328050673008,0.15555556118488,33,631,0.21394611895084,171,0,0,0
"Church Army","Supporter News | TY Appeal #3 | 19 April 2024",Regular,"2024-04-19 08:00:00",0,3,0,0,0,16,0.1875,3,0,0,0
